title,url,thumbnail_url,channel,description
PESO PLUMA || BZRP Music Sessions #55,https://www.youtube.com/watch?v=v5_SYkFpFiY,https://i.ytimg.com/vi/v5_SYkFpFiY/hqdefault.jpg?sqp=-oaymwEcCPYBEIoBSFXyq4qpAw4IARUAAIhCGAFwAcABBg==&rs=AOn4CLAUZntSXWVfGkRUgG8Cp2m8DI-10g,Bizarrap,PESO PLUMA || BZRP Music Sessions #55 Lyrics by: https://www.instagram.com/pesopluma Beat by: https://www.instagram.com/bizarrap Mix & Master by: https://www.instagram.com/zecca.flp...
Taylor Swift ft. Ice Spice - Karma (Official Music Video),https://www.youtube.com/watch?v=XzOvgu3GPwY,https://i.ytimg.com/vi/XzOvgu3GPwY/hqdefault.jpg?sqp=-oaymwEcCPYBEIoBSFXyq4qpAw4IARUAAIhCGAFwAcABBg==&rs=AOn4CLBJtfq_gv5b49w74W6KM11fFTYWtA,Taylor Swift,Listen to “Karma (feat. Ice Spice)” by Taylor Swift. Buy/Download/Stream ‘Midnights (The Til Dawn Edition)’: https://taylor.lnk.to/thetildawnedition ►Subscribe to Taylor Swift on...
LARRAY - Canceled (Remix) [feat. Twaimz],https://www.youtube.com/watch?v=YN4m5373xxE,https://i.ytimg.com/vi/YN4m5373xxE/hqdefault.jpg?sqp=-oaymwEcCPYBEIoBSFXyq4qpAw4IARUAAIhCGAFwAcABBg==&rs=AOn4CLA4qe2ed2evhUpz1BD5KNizi5hnmQ,LARRAY,"this is so unserious LMAOOOOOOOO Listen to ""Canceled (Remix)"" HERE - https://createmusic.fm/canceledremix Directed + Edited by @jaketheshooter + @Larray + @issa Producer: @ShooterCo Production..."
Peso Pluma - Bye (Video Oficial),https://www.youtube.com/watch?v=8ttz1wdViys,,Peso Pluma,"Peso Pluma - Bye (Video Oficial) Double P Records© ➸ ESCUCHA / LISTEN: https://orcd.co/byepesopluma ➸Música Interpretación - Peso Pluma Composición - Hassan Laija, Jasiel Núñez..."
Lil Durk - War Bout It ft. 21 Savage (Official Audio),https://www.youtube.com/watch?v=tMXF8YtyyMc,,Lil Durk,"Almost Healed, the new album from Lil Durk. Out Now: https://LilDurk.lnk.to/AlmostHealed Tour On Sale Friday: http://almost-healed.com/ Follow Lil Durk: https://LilDurk.lnk.to/instagram https://L..."
Pelle Coat,https://www.youtube.com/watch?v=v5s5cSBJlbM,,Lil Durk,"Provided to YouTube by Alamo Pelle Coat · Lil Durk Almost Healed ℗ 2023 Alamo Records, LLC/Sony Music Entertainment Released on: 2023-05-26 Composer: Durk Banks Producer: Chopsquad..."
Bad Bunny - WHERE SHE GOES (Official Video),https://www.youtube.com/watch?v=bef8QLNHubw,,Bad Bunny,Bad Bunny - WHERE SHE GOES (Official Video) https://rimas.ffm.to/whereshegoes Subscribe to the channel - https://rimas.lnk.to/ytBadBunny More from Bad Bunny: UN VERANO SIN TI - https://rimas.ffm...
Machine Gun Kelly - PRESSURE (Official Music Video),https://www.youtube.com/watch?v=zsYYJ5iU4pk,,Machine Gun Kelly,Machine Gun Kelly’s PRESSURE available now - http://mgk.lnk.to/pressure Follow Machine Gun Kelly : http://instagram.com/machinegunkelly http://twitter.com/machinegunkelly https://tiktok.com/@m...
Fuerza Regida - TQM [Oficial Video],https://www.youtube.com/watch?v=DzTNN5Zzpok,,FUERZA REGIDA,TQM- Ya Disponible En Todas las Plataformas! SHOP FUERZA REGIDA MERCH! https://fuerzaregida.shop FOLLOW OUR SOCIAL MEDIA! FUERZA REGIDA | https://www.instagram.com/fuerzaregid... Jesus Ortiz...
Lil Durk - All My Life ft. J. Cole (Official Video),https://www.youtube.com/watch?v=Z4N8lzKNfy4,,Lil Durk,"Stream “All My Life” ft J. Cole, Out Now: https://lilDurk.lnk.to/AlmostHealed Tour On Sale Friday: http://almost-healed.com/ Follow Lil Durk: https://LilDurk.lnk.to/instagram https://LilDurk...."
